{"UUID":"cPmLpmv0IqZQQsutqeg0i0","layoutMainAxisSizing":null,"layoutCrossAxisSizing":null,"name":"Fabzia App Design","isVisible":true,"boundaryRectangle":null,"style":null,"prototypeNodeUUID":null,"child":null,"constraints":null,"debug":false,"pngPath":"/usr/src/app/temp-out/pb-tmp-9ca7af6d-df10-4f0b-836b-d3ce26738f48/figma/lib/assets/images","pages":[{"UUID":"0:1","layoutMainAxisSizing":null,"layoutCrossAxisSizing":null,"name":"Page 1","isVisible":true,"boundaryRectangle":null,"style":null,"prototypeNodeUUID":null,"child":null,"constraints":null,"convert":true,"screens":[],"pbdlType":"page"},{"UUID":"124:216","layoutMainAxisSizing":null,"layoutCrossAxisSizing":null,"name":"Trash","isVisible":true,"boundaryRectangle":null,"style":null,"prototypeNodeUUID":null,"child":null,"constraints":null,"convert":true,"screens":[],"pbdlType":"page"}],"miscPages":[],"sharedStyles":[],"globalStyles":{"UUID":"","layoutMainAxisSizing":null,"layoutCrossAxisSizing":null,"name":"","isVisible":false,"boundaryRectangle":null,"style":null,"prototypeNodeUUID":null,"child":null,"constraints":null,"pbdlType":"global_styles","designSystem":"material","colors":[{"UUID":"2:38","layoutMainAxisSizing":null,"layoutCrossAxisSizing":null,"name":"Light / Labels / 1.Primary","isVisible":false,"boundaryRectangle":null,"style":null,"prototypeNodeUUID":null,"child":null,"constraints":null,"description":"","pbdlType":"global_color","color":{"a":1.0,"r":0.0,"g":0.0,"b":0.0}},{"UUID":"2:45","layoutMainAxisSizing":null,"layoutCrossAxisSizing":null,"name":"iOS System Labels - Dark / Primary","isVisible":false,"boundaryRectangle":null,"style":null,"prototypeNodeUUID":null,"child":null,"constraints":null,"description":"","pbdlType":"global_color","color":{"a":1.0,"r":1.0,"g":1.0,"b":1.0}},{"UUID":"2:41","layoutMainAxisSizing":null,"layoutCrossAxisSizing":null,"name":"Light / Base","isVisible":false,"boundaryRectangle":null,"style":null,"prototypeNodeUUID":null,"child":null,"constraints":null,"description":"Black Color","pbdlType":"global_color","color":{"a":1.0,"r":0.0,"g":0.0,"b":0.0}},{"UUID":"41:84","layoutMainAxisSizing":null,"layoutCrossAxisSizing":null,"name":"232D42 Text Color 1","isVisible":false,"boundaryRectangle":null,"style":null,"prototypeNodeUUID":null,"child":null,"constraints":null,"description":"","pbdlType":"global_color","color":{"a":1.0,"r":0.13725490868091583,"g":0.1764705926179886,"b":0.25882354378700256}},{"UUID":"897:31","layoutMainAxisSizing":null,"layoutCrossAxisSizing":null,"name":"Color/Shades-03","isVisible":false,"boundaryRectangle":null,"style":null,"prototypeNodeUUID":null,"child":null,"constraints":null,"description":"","pbdlType":"global_color","color":{"a":1.0,"r":0.5058823823928833,"g":0.5058823823928833,"b":0.5058823823928833}},{"UUID":"897:30","layoutMainAxisSizing":null,"layoutCrossAxisSizing":null,"name":"Color/Primary-05","isVisible":false,"boundaryRectangle":null,"style":null,"prototypeNodeUUID":null,"child":null,"constraints":null,"description":"","pbdlType":"global_color","color":{"a":1.0,"r":0.11764705926179886,"g":0.5647059082984924,"b":1.0}},{"UUID":"813:586","layoutMainAxisSizing":null,"layoutCrossAxisSizing":null,"name":"Color/Tint-05","isVisible":false,"boundaryRectangle":null,"style":null,"prototypeNodeUUID":null,"child":null,"constraints":null,"description":"","pbdlType":"global_color","color":{"a":1.0,"r":0.9686274528503418,"g":0.9686274528503418,"b":0.9686274528503418}},{"UUID":"56:759","layoutMainAxisSizing":null,"layoutCrossAxisSizing":null,"name":"iOS System Fills - Light / Quarternary","isVisible":false,"boundaryRectangle":null,"style":null,"prototypeNodeUUID":null,"child":null,"constraints":null,"description":"","pbdlType":"global_color","color":{"a":1.0,"r":0.45490196347236633,"g":0.45490196347236633,"b":0.501960813999176}}],"textStyles":[],"themeColors":[],"themeTextStyles":[]},"pbdlType":"project"}